Team,Result,For,Aga,Diff,HTf,HTa,,Opposition,Ground,Match Date
Wales,lost,0G,8G,-8G,-,-,,v England,Blackheath,19 Feb 1881
Wales,won,2G,0G,#ERROR!,-,-,,v Ireland,Lansdowne Road,28 Jan 1882
Wales,lost,0G,2G,-2G,-,-,,v England,Swansea,16 Dec 1882
Wales,lost,1G,3G,-2G,-,-,,v Scotland,Edinburgh,8 Jan 1883
Wales,lost,1G,1G,0G,-,-,,v England,Leeds,5 Jan 1884
Wales,lost,0G,1G,-1G,-,-,,v Scotland,Newport,12 Jan 1884
Wales,won,1G,0G,#ERROR!,-,-,,v Ireland,Cardiff,12 Apr 1884
Wales,lost,1G,1G,0G,-,-,,v England,Swansea,3 Jan 1885
Wales,draw,0G,0G,0G,-,-,,v Scotland,Glasgow,10 Jan 1885
Wales,lost,1G,1G,0G,-,-,,v England,Blackheath,2 Jan 1886
Wales,lost,0G,2G,-2G,-,-,,v Scotland,Cardiff,9 Jan 1886
Wales,draw,0G,0G,0G,-,-,,v England,Llanelli,8 Jan 1887
Wales,lost,0G,4G,-4G,-,-,,v Scotland,Edinburgh,26 Feb 1887
Wales,won,1G,0G,#ERROR!,-,-,,v Ireland,Birkenhead,12 Mar 1887
Wales,won,0G,0G,0G,-,-,,v Scotland,Newport,4 Feb 1888
Wales,lost,0G,2G,-2G,-,-,,v Ireland,Lansdowne Road,3 Mar 1888
Wales,won,1G,0G,#ERROR!,-,-,,v NZ Natives,Swansea,22 Dec 1888
Wales,lost,0G,0G,0G,-,-,,v Scotland,Edinburgh,2 Feb 1889
Wales,lost,0G,0G,0G,-,-,,v Ireland,Swansea,2 Mar 1889
Wales,lost,2,8,-6,0,8,,v Scotland,Cardiff,1 Feb 1890
Wales,won,1,0,1,-,-,,v England,Dewsbury,15 Feb 1890
Wales,draw,3,3,0,0,3,,v Ireland,Lansdowne Road,1 Mar 1890
Wales,lost,3,7,-4,0,4,,v England,Newport,3 Jan 1891
Wales,lost,0,15,-15,0,4,,v Scotland,Edinburgh,7 Feb 1891
Wales,won,6,4,2,6,1,,v Ireland,Llanelli,7 Mar 1891
Wales,lost,0,17,-17,0,7,,v England,Blackheath,2 Jan 1892
Wales,lost,2,7,-5,2,7,,v Scotland,Swansea,6 Feb 1892
Wales,lost,0,9,-9,0,7,,v Ireland,Lansdowne Road,5 Mar 1892
Wales,won,12,11,1,0,7,,v England,Cardiff,7 Jan 1893
Wales,won,9,0,9,-,-,,v Scotland,Edinburgh,4 Feb 1893
Wales,won,2,0,2,2,0,,v Ireland,Llanelli,11 Mar 1893
Wales,lost,3,24,-21,0,9,,v England,Birkenhead,6 Jan 1894
Wales,won,7,0,7,3,0,,v Scotland,Newport,3 Feb 1894
Wales,lost,0,3,-3,0,3,,v Ireland,Belfast,10 Mar 1894
Wales,lost,6,14,-8,3,3,,v England,Swansea,5 Jan 1895
Wales,lost,4,5,-1,-,-,,v Scotland,Edinburgh,26 Jan 1895
Wales,won,5,3,2,5,3,,v Ireland,Cardiff,16 Mar 1895
Wales,lost,0,25,-25,0,17,,v England,Blackheath,4 Jan 1896
Wales,won,6,0,6,-,-,,v Scotland,Cardiff,25 Jan 1896
Wales,lost,4,8,-4,-,-,,v Ireland,Lansdowne Road,14 Mar 1896
Wales,won,11,0,11,6,0,,v England,Newport,9 Jan 1897
Wales,won,11,3,8,5,3,,v Ireland,Limerick,19 Mar 1898
Wales,lost,7,14,-7,3,6,,v England,Blackheath,2 Apr 1898
Wales,won,26,3,23,6,0,,v England,Swansea,7 Jan 1899
Wales,lost,10,21,-11,10,3,,v Scotland,Inverleith,4 Mar 1899
Wales,lost,0,3,-3,0,3,,v Ireland,Cardiff,18 Mar 1899
Wales,won,13,3,10,5,0,,v England,Gloucester,06-Jan-00
Wales,won,12,3,9,6,3,,v Scotland,Swansea,27-Jan-00
Wales,won,3,0,3,-,-,,v Ireland,Belfast,17-Mar-00
Wales,won,13,0,13,5,0,,v England,Cardiff,05-Jan-01
Wales,lost,8,18,-10,0,10,,v Scotland,Inverleith,09-Feb-01
Wales,won,10,9,1,5,9,,v Ireland,Swansea,16-Mar-01
Wales,won,9,8,1,3,8,,v England,Blackheath,11-Jan-02
Wales,won,14,5,9,14,5,,v Scotland,Cardiff,01-Feb-02
Wales,won,15,0,15,-,-,,v Ireland,Lansdowne Road,08-Mar-02
Wales,won,21,5,16,21,0,,v England,Swansea,10-Jan-03
Wales,lost,0,6,-6,0,3,,v Scotland,Inverleith,07-Feb-03
Wales,won,18,0,18,9,0,,v Ireland,Cardiff,14-Mar-03
Wales,draw,14,14,0,0,6,,v England,Leicester,09-Jan-04
Wales,won,21,3,18,13,0,,v Scotland,Swansea,06-Feb-04
Wales,lost,12,14,-2,3,6,,v Ireland,Belfast,12-Mar-04
Wales,won,25,0,25,11,0,,v England,Cardiff,14-Jan-05
Wales,won,6,3,3,3,3,,v Scotland,Inverleith,04-Feb-05
Wales,won,10,3,7,10,3,,v Ireland,Swansea,11-Mar-05
Wales,won,3,0,3,3,0,,v New Zealand,Cardiff,16-Dec-05
Wales,won,16,3,13,13,3,,v England,Richmond,13-Jan-06
Wales,won,9,3,6,6,0,,v Scotland,Cardiff,03-Feb-06
Wales,lost,6,11,-5,3,8,,v Ireland,Belfast,10-Mar-06
Wales,lost,0,11,-11,0,6,,v South Africa,Swansea,01-Dec-06
Wales,won,22,0,22,13,0,,v England,Swansea,12-Jan-07
Wales,lost,3,6,-3,3,0,,v Scotland,Inverleith,02-Feb-07
Wales,won,29,0,29,6,0,,v Ireland,Cardiff,09-Mar-07
Wales,won,28,18,10,15,8,,v England,Bristol,18-Jan-08
Wales,won,6,5,1,3,5,,v Scotland,Swansea,01-Feb-08
Wales,won,36,4,32,17,4,,v France,Cardiff,02-Mar-08
Wales,won,11,5,6,5,5,,v Ireland,Belfast,14-Mar-08
Wales,won,9,6,3,3,3,,v Australia,Cardiff,12-Dec-08
Wales,won,8,0,8,8,0,,v England,Cardiff,16-Jan-09
Wales,won,5,3,2,-,-,,v Scotland,Inverleith,06-Feb-09
Wales,won,47,5,42,9,0,,v France,Colombes,23-Feb-09
Wales,won,18,5,13,-,-,,v Ireland,Swansea,13-Mar-09
Wales,won,49,14,35,21,14,,v France,Swansea,01-Jan-10
Wales,lost,6,11,-5,3,11,,v England,Twickenham,15-Jan-10
Wales,won,14,0,14,8,0,,v Scotland,Cardiff,05-Feb-10
Wales,won,19,3,16,3,3,,v Ireland,Lansdowne Road,12-Mar-10
Wales,won,15,11,4,6,3,,v England,Swansea,21-Jan-11
Wales,won,32,10,22,7,4,,v Scotland,Inverleith,04-Feb-11
Wales,won,15,0,15,-,-,,v France,Parc des Princes,28-Feb-11
Wales,won,16,0,16,5,0,,v Ireland,Cardiff,11-Mar-11
Wales,lost,0,8,-8,-,-,,v England,Twickenham,20-Jan-12
Wales,won,21,6,15,7,3,,v Scotland,Swansea,03-Feb-12
Wales,lost,5,12,-7,5,0,,v Ireland,Belfast,09-Mar-12
Wales,won,14,8,6,6,8,,v France,Newport,25-Mar-12
Wales,lost,0,3,-3,0,3,,v South Africa,Cardiff,14-Dec-12
Wales,lost,0,12,-12,-,-,,v England,Cardiff,18-Jan-13
Wales,won,8,0,8,3,0,,v Scotland,Inverleith,01-Feb-13
Wales,won,11,8,3,3,0,,v France,Parc des Princes,27-Feb-13
Wales,won,16,13,3,8,8,,v Ireland,Swansea,08-Mar-13
Wales,lost,9,10,-1,4,5,,v England,Twickenham,17-Jan-14
Wales,won,24,5,19,7,5,,v Scotland,Cardiff,07-Feb-14
Wales,won,31,0,31,13,0,,v France,Swansea,02-Mar-14
Wales,won,11,3,8,3,3,,v Ireland,Belfast,14-Mar-14
Wales,lost,3,6,-3,3,6,,v,Swansea,21-Apr-19
Wales,won,19,5,14,3,5,,v England,Swansea,17-Jan-20
Wales,lost,5,9,-4,5,0,,v Scotland,Inverleith,07-Feb-20
Wales,won,6,5,1,-,-,,v France,Colombes,17-Feb-20
Wales,won,28,4,24,17,0,,v Ireland,Cardiff,13-Mar-20
Wales,lost,3,18,-15,0,12,,v England,Twickenham,15-Jan-21
Wales,lost,8,14,-6,0,11,,v Scotland,Swansea,05-Feb-21
Wales,won,12,4,8,12,0,,v France,Cardiff,26-Feb-21
Wales,won,6,0,6,-,-,,v Ireland,Belfast,12-Mar-21
Wales,won,28,6,22,17,3,,v England,Cardiff,21-Jan-22
Wales,draw,9,9,0,-,-,,v Scotland,Inverleith,04-Feb-22
Wales,won,11,5,6,3,0,,v Ireland,Swansea,11-Mar-22
Wales,won,11,3,8,-,-,,v France,Colombes,23-Mar-22
Wales,lost,3,7,-4,0,3,,v England,Twickenham,20-Jan-23
Wales,lost,8,11,-3,3,0,,v Scotland,Cardiff,03-Feb-23
Wales,won,16,8,8,5,3,,v France,Swansea,24-Feb-23
Wales,lost,4,5,-1,4,5,,v Ireland,Lansdowne Road,10-Mar-23
Wales,lost,9,17,-8,3,11,,v England,Swansea,19-Jan-24
Wales,lost,10,35,-25,0,22,,v Scotland,Inverleith,02-Feb-24
Wales,lost,10,13,-3,3,8,,v Ireland,Cardiff,08-Mar-24
Wales,won,10,6,4,7,6,,v France,Colombes,27-Mar-24
Wales,lost,0,19,-19,0,11,,v New Zealand,Swansea,29-Nov-24
Wales,lost,6,12,-6,3,6,,v England,Twickenham,17-Jan-25
Wales,lost,14,24,-10,0,18,,v Scotland,Swansea,07-Feb-25
Wales,won,11,5,6,3,0,,v France,Cardiff,28-Feb-25
Wales,lost,3,19,-16,0,8,,v Ireland,Belfast,14-Mar-25
Wales,draw,3,3,0,0,3,,v England,Cardiff,16-Jan-26
Wales,lost,5,8,-3,5,0,,v Scotland,Murrayfield,06-Feb-26
Wales,won,11,8,3,5,8,,v Ireland,Swansea,13-Mar-26
Wales,won,7,5,2,0,5,,v France,Colombes,05-Apr-26
Wales,lost,9,11,-2,6,11,,v England,Twickenham,15-Jan-27
Wales,lost,0,5,-5,0,5,,v Scotland,Cardiff,05-Feb-27
Wales,won,25,7,18,12,3,,v France,Swansea,26-Feb-27
Wales,lost,9,19,-10,0,11,,v Ireland,Lansdowne Road,12-Mar-27
Wales,lost,8,18,-10,3,5,,v Australia,Cardiff,26-Nov-27
Wales,lost,8,10,-2,3,10,,v England,Swansea,21-Jan-28
Wales,won,13,0,13,13,0,,v Scotland,Murrayfield,04-Feb-28
Wales,lost,10,13,-3,5,5,,v Ireland,Cardiff,10-Mar-28
Wales,lost,3,8,-5,3,0,,v France,Colombes,09-Apr-28
Wales,lost,3,8,-5,0,3,,v England,Twickenham,19-Jan-29
Wales,won,14,7,7,3,3,,v Scotland,Swansea,02-Feb-29
Wales,won,8,3,5,5,0,,v France,Cardiff,23-Feb-29
Wales,draw,5,5,0,0,5,,v Ireland,Belfast,09-Mar-29
Wales,lost,3,11,-8,0,3,,v England,Cardiff,18-Jan-30
Wales,lost,9,12,-3,9,8,,v Scotland,Murrayfield,01-Feb-30
Wales,won,12,7,5,6,7,,v Ireland,Swansea,08-Mar-30
Wales,won,11,0,11,3,0,,v France,Colombes,21-Apr-30
Wales,draw,11,11,0,6,8,,v England,Twickenham,17-Jan-31
Wales,won,13,8,5,-,-,,v Scotland,Cardiff,07-Feb-31
Wales,won,35,3,32,8,0,,v France,Swansea,28-Feb-31
Wales,won,15,3,12,4,3,,v Ireland,Belfast,14-Mar-31
Wales,lost,3,8,-5,3,0,,v South Africa,Swansea,05-Dec-31
Wales,won,12,5,7,-,-,,v England,Swansea,16-Jan-32
Wales,won,6,0,6,3,0,,v Scotland,Murrayfield,06-Feb-32
Wales,lost,10,12,-2,3,3,,v Ireland,Cardiff,12-Mar-32
Wales,won,7,3,4,0,3,,v England,Twickenham,21-Jan-33
Wales,lost,3,11,-8,0,6,,v Scotland,Swansea,04-Feb-33
Wales,lost,5,10,-5,0,7,,v Ireland,Belfast,11-Mar-33
Wales,lost,0,9,-9,0,6,,v England,Cardiff,20-Jan-34
Wales,won,13,6,7,5,0,,v Scotland,Murrayfield,03-Feb-34
Wales,won,13,0,13,-,-,,v Ireland,Swansea,10-Mar-34
Wales,draw,3,3,0,-,-,,v England,Twickenham,19-Jan-35
Wales,won,10,6,4,6,3,,v Scotland,Cardiff,02-Feb-35
Wales,lost,3,9,-6,0,6,,v Ireland,Belfast,09-Mar-35
Wales,won,13,12,1,0,3,,v New Zealand,Cardiff,21-Dec-35
Wales,draw,0,0,0,-,-,,v England,Swansea,18-Jan-36
Wales,won,13,3,10,8,0,,v Scotland,Murrayfield,01-Feb-36
Wales,won,3,0,3,3,0,,v Ireland,Cardiff,14-Mar-36
Wales,lost,3,4,-1,3,4,,v England,Twickenham,16-Jan-37
Wales,lost,6,13,-7,3,3,,v Scotland,Swansea,06-Feb-37
Wales,lost,3,5,-2,3,0,,v Ireland,Belfast,03-Apr-37
Wales,won,14,8,6,9,3,,v England,Cardiff,15-Jan-38
Wales,lost,6,8,-2,6,0,,v Scotland,Murrayfield,05-Feb-38
Wales,won,11,5,6,3,5,,v Ireland,Swansea,12-Mar-38
Wales,lost,0,3,-3,-,-,,v England,Twickenham,21-Jan-39
Wales,won,11,3,8,6,0,,v Scotland,Cardiff,04-Feb-39
Wales,won,7,0,7,-,-,,v Ireland,Belfast,11-Mar-39
Wales,lost,6,9,-3,3,5,,v England,Cardiff,18-Jan-47
Wales,won,22,8,14,6,8,,v Scotland,Murrayfield,01-Feb-47
Wales,won,3,0,3,3,0,,v France,Colombes,22-Mar-47
Wales,won,6,0,6,-,-,,v Ireland,Swansea,29-Mar-47
Wales,won,6,0,6,6,0,,v Australia,Cardiff,20-Dec-47
Wales,draw,3,3,0,0,3,,v England,Twickenham,17-Jan-48
Wales,won,14,0,14,-,-,,v Scotland,Cardiff,07-Feb-48
Wales,lost,3,11,-8,0,5,,v France,Swansea,21-Feb-48
Wales,lost,3,6,-3,3,3,,v Ireland,Belfast,13-Mar-48
Wales,won,9,3,6,3,3,,v England,Cardiff,15-Jan-49
Wales,lost,5,6,-1,0,3,,v Scotland,Murrayfield,05-Feb-49
Wales,lost,0,5,-5,-,-,,v Ireland,Swansea,12-Mar-49
Wales,lost,3,5,-2,3,0,,v France,Colombes,26-Mar-49
Wales,won,11,5,6,3,5,,v England,Twickenham,21-Jan-50
Wales,won,12,0,12,3,0,,v Scotland,Swansea,04-Feb-50
Wales,won,6,3,3,-,-,,v Ireland,Belfast,11-Mar-50
Wales,won,21,0,21,5,0,,v France,Cardiff,25-Mar-50
Wales,won,23,5,18,8,0,,v England,Swansea,20-Jan-51
Wales,lost,0,19,-19,0,3,,v Scotland,Murrayfield,03-Feb-51
Wales,draw,3,3,0,3,3,,v Ireland,Cardiff,10-Mar-51
Wales,lost,3,8,-5,3,0,,v France,Colombes,07-Apr-51
Wales,lost,3,6,-3,0,3,,v South Africa,Cardiff,22-Dec-51
Wales,won,8,6,2,5,6,,v England,Twickenham,19-Jan-52
Wales,won,11,0,11,8,0,,v Scotland,Cardiff,02-Feb-52
Wales,won,14,3,11,9,0,,v Ireland,Lansdowne Road,08-Mar-52
Wales,won,9,5,4,3,5,,v France,Swansea,22-Mar-52
Wales,lost,3,8,-5,3,5,,v England,Cardiff,17-Jan-53
Wales,won,12,0,12,6,0,,v Scotland,Murrayfield,07-Feb-53
Wales,won,5,3,2,-,-,,v Ireland,Swansea,14-Mar-53
Wales,won,6,3,3,3,0,,v France,Colombes,28-Mar-53
Wales,won,13,8,5,5,8,,v New Zealand,Cardiff,19-Dec-53
Wales,lost,6,9,-3,3,3,,v England,Twickenham,16-Jan-54
Wales,won,12,9,3,6,6,,v Ireland,Lansdowne Road,13-Mar-54
Wales,won,19,13,6,5,5,,v France,Cardiff,27-Mar-54
Wales,won,15,3,12,6,0,,v Scotland,Swansea,10-Apr-54
Wales,won,3,0,3,3,0,,v England,Cardiff,22-Jan-55
Wales,lost,8,14,-6,3,0,,v Scotland,Murrayfield,05-Feb-55
Wales,won,21,3,18,3,0,,v Ireland,Cardiff,12-Mar-55
Wales,won,16,11,5,11,0,,v France,Colombes,26-Mar-55
Wales,won,8,3,5,5,0,,v England,Twickenham,21-Jan-56
Wales,won,9,3,6,6,3,,v Scotland,Cardiff,04-Feb-56
Wales,lost,3,11,-8,3,0,,v Ireland,Lansdowne Road,10-Mar-56
Wales,won,5,3,2,-,-,,v France,Cardiff,24-Mar-56
Wales,lost,0,3,-3,0,3,,v England,Cardiff,19-Jan-57
Wales,lost,6,9,-3,6,6,,v Scotland,Murrayfield,02-Feb-57
Wales,won,6,5,1,3,5,,v Ireland,Cardiff,09-Mar-57
Wales,won,19,13,6,8,3,,v France,Colombes,23-Mar-57
Wales,won,9,3,6,0,3,,v Australia,Cardiff,04-Jan-58
Wales,draw,3,3,0,3,0,,v England,Twickenham,18-Jan-58
Wales,won,8,3,5,5,0,,v Scotland,Cardiff,01-Feb-58
Wales,won,9,6,3,0,6,,v Ireland,Lansdowne Road,15-Mar-58
Wales,lost,6,16,-10,3,3,,v France,Cardiff,29-Mar-58
Wales,won,5,0,5,5,0,,v England,Cardiff,17-Jan-59
Wales,lost,5,6,-1,5,6,,v Scotland,Murrayfield,07-Feb-59
Wales,won,8,6,2,0,6,,v Ireland,Cardiff,14-Mar-59
Wales,lost,3,11,-8,3,8,,v France,Colombes,04-Apr-59
Wales,lost,6,14,-8,0,14,,v England,Twickenham,16-Jan-60
Wales,won,8,0,8,-,-,,v Scotland,Cardiff,06-Feb-60
Wales,won,10,9,1,5,6,,v Ireland,Lansdowne Road,12-Mar-60
Wales,lost,8,16,-8,3,5,,v France,Cardiff,26-Mar-60
Wales,lost,0,3,-3,0,3,,v South Africa,Cardiff,03-Dec-60
Wales,won,6,3,3,6,0,,v England,Cardiff,21-Jan-61
Wales,lost,0,3,-3,0,3,,v Scotland,Murrayfield,11-Feb-61
Wales,won,9,0,9,3,0,,v Ireland,Cardiff,11-Mar-61
Wales,lost,6,8,-2,3,3,,v France,Colombes,25-Mar-61
Wales,draw,0,0,0,-,-,,v England,Twickenham,20-Jan-62
Wales,lost,3,8,-5,0,8,,v Scotland,Cardiff,03-Feb-62
Wales,won,3,0,3,3,0,,v France,Cardiff,24-Mar-62
Wales,draw,3,3,0,0,3,,v Ireland,Lansdowne Road,17-Nov-62
Wales,lost,6,13,-7,0,5,,v England,Cardiff,19-Jan-63
Wales,won,6,0,6,3,0,,v Scotland,Murrayfield,02-Feb-63
Wales,lost,6,14,-8,3,8,,v Ireland,Cardiff,09-Mar-63
Wales,lost,3,5,-2,3,0,,v France,Colombes,23-Mar-63
Wales,lost,0,6,-6,0,3,,v New Zealand,Cardiff,21-Dec-63
Wales,draw,6,6,0,3,6,,v England,Twickenham,18-Jan-64
Wales,won,11,3,8,0,3,,v Scotland,Cardiff,01-Feb-64
Wales,won,15,6,9,5,6,,v Ireland,Lansdowne Road,07-Mar-64
Wales,draw,11,11,0,3,11,,v France,Cardiff,21-Mar-64
Wales,lost,3,24,-21,3,3,,v South Africa,Durban,23-May-64
Wales,won,14,3,11,3,0,,v England,Cardiff,16-Jan-65
Wales,won,14,12,2,8,6,,v Scotland,Murrayfield,06-Feb-65
Wales,won,14,8,6,5,0,,v Ireland,Cardiff,13-Mar-65
Wales,lost,13,22,-9,0,19,,v France,Colombes,27-Mar-65
Wales,won,11,6,5,3,3,,v England,Twickenham,15-Jan-66
Wales,won,8,3,5,3,0,,v Scotland,Cardiff,05-Feb-66
Wales,lost,6,9,-3,3,6,,v Ireland,Lansdowne Road,12-Mar-66
Wales,won,9,8,1,6,8,,v France,Cardiff,26-Mar-66
Wales,lost,11,14,-3,6,9,,v Australia,Cardiff,03-Dec-66
Wales,lost,5,11,-6,5,0,,v Scotland,Murrayfield,04-Feb-67
Wales,lost,0,3,-3,0,3,,v Ireland,Cardiff,11-Mar-67
Wales,lost,14,20,-6,6,9,,v France,Colombes,01-Apr-67
Wales,won,34,21,13,14,6,,v England,Cardiff,15-Apr-67
Wales,lost,6,13,-7,0,8,,v New Zealand,Cardiff,11-Nov-67
Wales,draw,11,11,0,3,8,,v England,Twickenham,20-Jan-68
Wales,won,5,0,5,5,0,,v Scotland,Cardiff,03-Feb-68
Wales,lost,6,9,-3,3,6,,v Ireland,Lansdowne Road,09-Mar-68
Wales,lost,9,14,-5,9,3,,v France,Cardiff,23-Mar-68
Wales,won,17,3,14,6,0,,v Scotland,Murrayfield,01-Feb-69
Wales,won,24,11,13,8,6,,v Ireland,Cardiff,08-Mar-69
Wales,draw,8,8,0,8,0,,v France,Colombes,22-Mar-69
Wales,won,30,9,21,3,3,,v England,Cardiff,12-Apr-69
Wales,lost,0,19,-19,0,13,,v New Zealand,Christchurch,31-May-69
Wales,lost,12,33,-21,6,14,,v New Zealand,Auckland,14-Jun-69
Wales,won,19,16,3,0,11,,v Australia,Sydney,21-Jun-69
Wales,draw,6,6,0,3,3,,v South Africa,Cardiff,24-Jan-70
Wales,won,18,9,9,5,9,,v Scotland,Cardiff,07-Feb-70
Wales,won,17,13,4,3,13,,v England,Twickenham,28-Feb-70
Wales,lost,0,14,-14,-,-,,v Ireland,Lansdowne Road,14-Mar-70
Wales,won,11,6,5,6,3,,v France,Cardiff,04-Apr-70
Wales,won,22,6,16,16,3,,v England,Cardiff,16-Jan-71
Wales,won,19,18,1,8,6,,v Scotland,Murrayfield,06-Feb-71
Wales,won,23,9,14,9,6,,v Ireland,Cardiff,13-Mar-71
Wales,won,9,5,4,3,5,,v France,Colombes,27-Mar-71
Wales,won,12,3,9,6,3,,v England,Twickenham,15-Jan-72
Wales,won,35,12,23,10,6,,v Scotland,Cardiff,05-Feb-72
Wales,won,20,6,14,9,6,,v France,Cardiff,25-Mar-72
Wales,lost,16,19,-3,3,13,,v New Zealand,Cardiff,02-Dec-72
Wales,won,25,9,16,12,6,,v England,Cardiff,20-Jan-73
Wales,lost,9,10,-1,6,10,,v Scotland,Murrayfield,03-Feb-73
Wales,won,16,12,4,6,3,,v Ireland,Cardiff,10-Mar-73
Wales,lost,3,12,-9,0,9,,v France,Parc des Princes,24-Mar-73
Wales,won,24,0,24,12,0,,v Australia,Cardiff,10-Nov-73
Wales,won,6,0,6,6,0,,v Scotland,Cardiff,19-Jan-74
Wales,draw,9,9,0,6,0,,v Ireland,Lansdowne Road,02-Feb-74
Wales,draw,16,16,0,13,13,,v France,Cardiff,16-Feb-74
Wales,lost,12,16,-4,9,7,,v England,Twickenham,16-Mar-74
Wales,won,25,10,15,17,7,,v France,Parc des Princes,18-Jan-75
Wales,won,20,4,16,16,0,,v England,Cardiff,15-Feb-75
Wales,lost,10,12,-2,6,9,,v Scotland,Murrayfield,01-Mar-75
Wales,won,32,4,28,7,0,,v Ireland,Cardiff,15-Mar-75
Wales,won,28,3,25,9,0,,v Australia,Cardiff,20-Dec-75
Wales,won,21,9,12,15,6,,v England,Twickenham,17-Jan-76
Wales,won,28,6,22,12,6,,v Scotland,Cardiff,07-Feb-76
Wales,won,34,9,25,10,9,,v Ireland,Lansdowne Road,21-Feb-76
Wales,won,19,13,6,13,9,,v France,Cardiff,06-Mar-76
Wales,won,25,9,16,0,6,,v Ireland,Cardiff,15-Jan-77
Wales,lost,9,16,-7,3,3,,v France,Parc des Princes,05-Feb-77
Wales,won,14,9,5,7,6,,v England,Cardiff,05-Mar-77
Wales,won,18,9,9,3,3,,v Scotland,Murrayfield,19-Mar-77
Wales,won,9,6,3,3,6,,v England,Twickenham,04-Feb-78
Wales,won,22,14,8,8,7,,v Scotland,Cardiff,18-Feb-78
Wales,won,20,16,4,13,6,,v Ireland,Lansdowne Road,04-Mar-78
Wales,won,16,7,9,13,7,,v France,Cardiff,18-Mar-78
Wales,lost,8,18,-10,4,9,,v Australia,Brisbane,11-Jun-78
Wales,lost,17,19,-2,6,9,,v Australia,Sydney,17-Jun-78
Wales,lost,12,13,-1,12,7,,v New Zealand,Cardiff,11-Nov-78
Wales,won,19,13,6,6,13,,v Scotland,Murrayfield,20-Jan-79
Wales,won,24,21,3,12,9,,v Ireland,Cardiff,03-Feb-79
Wales,lost,13,14,-1,7,7,,v France,Parc des Princes,17-Feb-79
Wales,won,27,3,24,7,3,,v England,Cardiff,17-Mar-79
Wales,won,18,9,9,4,3,,v France,Cardiff,19-Jan-80
Wales,lost,8,9,-1,4,3,,v England,Twickenham,16-Feb-80
Wales,won,17,6,11,7,0,,v Scotland,Cardiff,01-Mar-80
Wales,lost,7,21,-14,3,6,,v Ireland,Lansdowne Road,15-Mar-80
Wales,lost,3,23,-20,0,11,,v New Zealand,Cardiff,01-Nov-80
Wales,won,21,19,2,12,10,,v England,Cardiff,17-Jan-81
Wales,lost,6,15,-9,6,9,,v Scotland,Murrayfield,07-Feb-81
Wales,won,9,8,1,3,8,,v Ireland,Cardiff,21-Feb-81
Wales,lost,15,19,-4,9,9,,v France,Parc des Princes,07-Mar-81
Wales,won,18,13,5,6,7,,v Australia,Cardiff,05-Dec-81
Wales,lost,12,20,-8,9,8,,v Ireland,Lansdowne Road,23-Jan-82
Wales,won,22,12,10,6,9,,v France,Cardiff,06-Feb-82
Wales,lost,7,17,-10,7,14,,v England,Twickenham,06-Mar-82
Wales,lost,18,34,-16,9,13,,v Scotland,Cardiff,20-Mar-82
Wales,draw,13,13,0,6,7,,v England,Cardiff,05-Feb-83
Wales,won,19,15,4,15,6,,v Scotland,Murrayfield,19-Feb-83
Wales,won,23,9,14,12,6,,v Ireland,Cardiff,05-Mar-83
Wales,lost,9,16,-7,6,6,,v France,Parc des Princes,19-Mar-83
Wales,lost,6,24,-18,3,7,,v Romania,Bucharest,12-Nov-83
Wales,lost,9,15,-6,3,6,,v Scotland,Cardiff,21-Jan-84
Wales,won,18,9,9,9,3,,v Ireland,Lansdowne Road,04-Feb-84
Wales,lost,16,21,-5,3,12,,v France,Cardiff,18-Feb-84
Wales,won,24,15,9,6,9,,v England,Twickenham,17-Mar-84
Wales,lost,9,28,-19,3,13,,v Australia,Cardiff,24-Nov-84
Wales,won,25,21,4,9,9,,v Scotland,Murrayfield,02-Mar-85
Wales,lost,9,21,-12,9,12,,v Ireland,Cardiff,16-Mar-85
Wales,lost,3,14,-11,3,7,,v France,Parc des Princes,30-Mar-85
Wales,won,24,15,9,12,12,,v England,Cardiff,20-Apr-85
Wales,won,40,3,37,16,3,,v Fiji,Cardiff,09-Nov-85
Wales,lost,18,21,-3,9,12,,v England,Twickenham,18-Jan-86
Wales,won,22,15,7,9,8,,v Scotland,Cardiff,01-Feb-86
Wales,won,19,12,7,4,12,,v Ireland,Lansdowne Road,15-Feb-86
Wales,lost,15,23,-8,9,11,,v France,Cardiff,01-Mar-86
Wales,won,22,15,7,10,3,,v Fiji,Suva,31-May-86
Wales,won,15,7,8,6,3,,v Tonga,Nuku A'lofa,12-Jun-86
Wales,won,32,14,18,13,14,,v Samoa,Apia,14-Jun-86
Wales,lost,9,16,-7,9,3,,v France,Parc des Princes,07-Feb-87
Wales,won,19,12,7,12,9,,v England,Cardiff,07-Mar-87
Wales,lost,15,21,-6,3,12,,v Scotland,Murrayfield,21-Mar-87
Wales,lost,11,15,-4,8,6,,v Ireland,Cardiff,04-Apr-87
Wales,won,13,6,7,0,6,,v Ireland,Wellington,25-May-87
Wales,won,29,16,13,17,7,,v Tonga,Palmerston North,29-May-87
Wales,won,40,9,31,6,9,,v Canada,Invercargill,03-Jun-87
Wales,won,16,3,13,6,0,,v England,Brisbane,08-Jun-87
Wales,lost,6,49,-43,0,27,,v New Zealand,Brisbane,14-Jun-87
Wales,won,22,21,1,13,15,,v Australia,Rotorua,18-Jun-87
Wales,won,46,0,46,22,0,,v USA,Cardiff,07-Nov-87
Wales,won,11,3,8,-,-,,v England,Twickenham,06-Feb-88
Wales,won,25,20,5,10,17,,v Scotland,Cardiff,20-Feb-88
Wales,won,12,9,3,3,9,,v Ireland,Lansdowne Road,05-Mar-88
Wales,lost,9,10,-1,3,3,,v France,Cardiff,19-Mar-88
Wales,lost,3,52,-49,0,24,,v New Zealand,Christchurch,28-May-88
Wales,lost,9,54,-45,3,21,,v New Zealand,Auckland,11-Jun-88
Wales,won,28,6,22,16,6,,v Samoa,Cardiff,12-Nov-88
Wales,lost,9,15,-6,3,9,,v Romania,Cardiff,10-Dec-88
Wales,lost,7,23,-16,0,19,,v Scotland,Murrayfield,21-Jan-89
Wales,lost,13,19,-6,6,0,,v Ireland,Cardiff,04-Feb-89
Wales,lost,12,31,-19,6,16,,v France,Parc des Princes,18-Feb-89
Wales,won,12,9,3,6,9,,v England,Cardiff,18-Mar-89
Wales,lost,9,34,-25,6,12,,v New Zealand,Cardiff,04-Nov-89
Wales,lost,19,29,-10,13,9,,v France,Cardiff,20-Jan-90
Wales,lost,6,34,-28,0,16,,v England,Twickenham,17-Feb-90
Wales,lost,9,13,-4,3,10,,v Scotland,Cardiff,03-Mar-90
Wales,lost,8,14,-6,0,10,,v Ireland,Lansdowne Road,24-Mar-90
Wales,won,18,9,9,9,3,,v Namibia,Windhoek,02-Jun-90
Wales,won,34,30,4,18,15,,v Namibia,Windhoek,09-Jun-90
Wales,lost,24,31,-7,21,21,,v Barbarians,Cardiff,06-Oct-90
Wales,lost,6,25,-19,3,12,,v England,Cardiff,19-Jan-91
Wales,lost,12,32,-20,6,13,,v Scotland,Murrayfield,02-Feb-91
Wales,draw,21,21,0,9,9,,v Ireland,Cardiff,16-Feb-91
Wales,lost,3,36,-33,3,14,,v France,Parc des Princes,02-Mar-91
Wales,lost,6,63,-57,6,23,,v Australia,Brisbane,22-Jul-91
Wales,lost,9,22,-13,3,7,,v France,Cardiff,04-Sep-91
Wales,lost,13,16,-3,3,3,,v Samoa,Cardiff,06-Oct-91
Wales,won,16,7,9,9,0,,v Argentina,Cardiff,09-Oct-91
Wales,lost,3,38,-35,3,10,,v Australia,Cardiff,12-Oct-91
Wales,won,16,15,1,6,9,,v Ireland,Lansdowne Road,18-Jan-92
Wales,lost,9,12,-3,0,12,,v France,Cardiff,01-Feb-92
Wales,lost,0,24,-24,0,15,,v England,Twickenham,07-Mar-92
Wales,won,15,12,3,9,6,,v Scotland,Cardiff,21-Mar-92
Wales,lost,6,23,-17,3,5,,v Australia,Cardiff,21-Nov-92
Wales,won,10,9,1,10,9,,v England,Cardiff,06-Feb-93
Wales,lost,0,20,-20,0,14,,v Scotland,Murrayfield,20-Feb-93
Wales,lost,14,19,-5,6,13,,v Ireland,Cardiff,06-Mar-93
Wales,lost,10,26,-16,3,16,,v France,Parc des Princes,20-Mar-93
Wales,won,35,14,21,23,3,,v Zimbabwe,Bulawayo,22-May-93
Wales,won,42,13,29,16,6,,v Zimbabwe,Harare,29-May-93
Wales,won,38,23,15,14,17,,v Namibia,Windhoek,05-Jun-93
Wales,won,55,5,50,29,0,,v Japan,Cardiff,16-Oct-93
Wales,lost,24,26,-2,9,6,,v Canada,Cardiff,10-Nov-93
Wales,won,29,6,23,12,3,,v Scotland,Cardiff,15-Jan-94
Wales,won,17,15,2,8,12,,v Ireland,Lansdowne Road,05-Feb-94
Wales,won,24,15,9,11,3,,v France,Cardiff,19-Feb-94
Wales,lost,8,15,-7,3,7,,v England,Twickenham,19-Mar-94
Wales,won,102,11,91,43,8,,v Portugal,Lisbon,18-May-94
Wales,won,54,0,54,16,0,,v Spain,Madrid,21-May-94
Wales,won,33,15,18,17,15,,v Canada,Markham,11-Jun-94
Wales,won,23,8,15,17,3,,v Fiji,Suva,18-Jun-94
Wales,won,18,9,9,12,6,,v Tonga,Nuku A'lofa,22-Jun-94
Wales,lost,9,34,-25,9,14,,v Samoa,Apia,25-Jun-94
Wales,won,16,9,7,10,3,,v Romania,Bucharest,17-Sep-94
Wales,won,29,19,10,15,10,,v Italy,Cardiff,12-Oct-94
Wales,lost,12,20,-8,6,10,,v South Africa,Cardiff,26-Nov-94
Wales,lost,9,21,-12,6,15,,v France,Parc des Princes,21-Jan-95
Wales,lost,9,23,-14,3,10,,v England,Cardiff,18-Feb-95
Wales,lost,13,26,-13,7,20,,v Scotland,Murrayfield,04-Mar-95
Wales,lost,12,16,-4,6,13,,v Ireland,Cardiff,18-Mar-95
Wales,won,57,10,47,36,0,,v Japan,Bloemfontein,27-May-95
Wales,lost,9,34,-25,6,20,,v New Zealand,Johannesburg,31-May-95
Wales,lost,23,24,-1,6,14,,v Ireland,Johannesburg,04-Jun-95
Wales,lost,11,40,-29,8,18,,v South Africa,Johannesburg,02-Sep-95
Wales,won,19,15,4,10,10,,v Fiji,Cardiff,11-Nov-95
Wales,won,31,26,5,21,0,,v Italy,Cardiff,16-Jan-96
Wales,lost,15,21,-6,5,7,,v England,Twickenham,03-Feb-96
Wales,lost,14,16,-2,6,6,,v Scotland,Cardiff,17-Feb-96
Wales,lost,17,30,-13,7,15,,v Ireland,Lansdowne Road,02-Mar-96
Wales,won,16,15,1,10,5,,v France,Cardiff,16-Mar-96
Wales,lost,25,56,-31,6,25,,v Australia,Brisbane,09-Jun-96
Wales,lost,3,42,-39,3,13,,v Australia,Sydney,22-Jun-96
Wales,won,31,10,21,12,5,,v Barbarians,Cardiff,24-Aug-96
Wales,lost,33,40,-7,27,10,,v France,Cardiff,25-Sep-96
Wales,won,31,22,9,20,9,,v Italy,Rome,05-Oct-96
Wales,lost,19,28,-9,6,18,,v Australia,Cardiff,01-Dec-96
Wales,lost,20,37,-17,12,23,,v South Africa,Cardiff,15-Dec-96
Wales,won,34,14,20,17,9,,v USA,Cardiff,11-Jan-97
Wales,won,34,19,15,10,13,,v Scotland,Murrayfield,18-Jan-97
Wales,lost,25,26,-1,10,20,,v Ireland,Cardiff,01-Feb-97
Wales,lost,22,27,-5,10,20,,v France,Parc des Princes,15-Feb-97
Wales,lost,13,34,-21,3,6,,v England,Cardiff,15-Mar-97
Wales,won,30,20,10,18,13,,v USA,Wilmington,05-Jul-97
Wales,won,28,23,5,13,6,,v USA,San Francisco,12-Jul-97
Wales,won,28,25,3,15,11,,v Canada,Markham,19-Jul-97
Wales,won,70,21,49,39,6,,v Romania,Wrexham,30-Aug-97
Wales,won,46,12,34,23,0,,v Tonga,Swansea,16-Nov-97
Wales,lost,7,42,-35,0,25,,v New Zealand,Wembley,29-Nov-97
Wales,won,23,20,3,9,3,,v Italy,Llanelli,07-Feb-98
Wales,lost,26,60,-34,12,34,,v England,Twickenham,21-Feb-98
Wales,won,19,13,6,9,13,,v Scotland,Wembley,07-Mar-98
Wales,won,30,21,9,13,15,,v Ireland,Lansdowne Road,21-Mar-98
Wales,lost,0,51,-51,0,29,,v France,Wembley,05-Apr-98
Wales,won,49,11,38,12,6,,v Zimbabwe,Harare,06-Jun-98
Wales,lost,13,96,-83,6,29,,v South Africa,Pretoria,27-Jun-98
Wales,lost,20,28,-8,14,14,,v South Africa,Wembley,14-Nov-98
Wales,won,43,30,13,26,25,,v Argentina,Llanelli,21-Nov-98
Wales,lost,20,33,-13,13,8,,v Scotland,Murrayfield,06-Feb-99
Wales,lost,23,29,-6,6,16,,v Ireland,Wembley,20-Feb-99
Wales,won,34,33,1,28,18,,v France,Stade de France,06-Mar-99
Wales,won,60,21,39,18,16,,v Italy,Treviso,20-Mar-99
Wales,won,32,31,1,18,25,,v England,Wembley,11-Apr-99
Wales,won,36,26,10,10,23,,v Argentina,Buenos Aires,05-Jun-99
Wales,won,23,16,7,11,9,,v Argentina,Buenos Aires,12-Jun-99
Wales,won,29,19,10,19,6,,v South Africa,Millennium Stadium,26-Jun-99
Wales,won,33,19,14,21,9,,v Canada,Millennium Stadium,21-Aug-99
Wales,won,34,23,11,12,6,,v France,Millennium Stadium,28-Aug-99
Wales,won,23,18,5,13,9,,v Argentina,Millennium Stadium,01-Oct-99
Wales,won,64,15,49,26,15,,v Japan,Millennium Stadium,09-Oct-99
Wales,lost,31,38,-7,21,24,,v Samoa,Millennium Stadium,14-Oct-99
Wales,lost,9,24,-15,9,10,,v Australia,Millennium Stadium,23-Oct-99
Wales,lost,3,36,-33,3,9,,v France,Millennium Stadium,05-Feb-00
Wales,won,47,16,31,30,9,,v Italy,Millennium Stadium,19-Feb-00
Wales,lost,12,46,-34,12,19,,v England,Twickenham,04-Mar-00
Wales,won,26,18,8,13,3,,v Scotland,Millennium Stadium,18-Mar-00
Wales,won,23,19,4,10,6,,v Ireland,Lansdowne Road,01-Apr-00
Wales,won,50,6,44,19,3,,v Samoa,Millennium Stadium,11-Nov-00
Wales,won,42,11,31,18,3,,v USA,Millennium Stadium,18-Nov-00
Wales,lost,13,23,-10,10,6,,v South Africa,Millennium Stadium,26-Nov-00
Wales,lost,15,44,-29,8,29,,v England,Millennium Stadium,03-Feb-01
Wales,draw,28,28,0,18,6,,v Scotland,Murrayfield,17-Feb-01
Wales,won,43,35,8,16,19,,v France,Stade de France,17-Mar-01
Wales,won,33,23,10,20,12,,v Italy,Rome,08-Apr-01
Wales,won,64,10,54,52,0,,v Japan,Osaka,10-Jun-01
Wales,won,53,30,23,19,20,,v Japan,Tokyo,17-Jun-01
Wales,won,81,9,72,27,9,,v Romania,Millennium Stadium,19-Sep-01
Wales,lost,6,36,-30,3,15,,v Ireland,Millennium Stadium,13-Oct-01
Wales,lost,16,30,-14,7,16,,v Argentina,Millennium Stadium,10-Nov-01
Wales,won,51,7,44,19,7,,v Tonga,Millennium Stadium,17-Nov-01
Wales,lost,13,21,-8,3,9,,v Australia,Millennium Stadium,25-Nov-01
Wales,lost,10,54,-44,3,24,,v Ireland,Lansdowne Road,03-Feb-02
Wales,lost,33,37,-4,19,24,,v France,Millennium Stadium,16-Feb-02
Wales,won,44,20,24,23,13,,v Italy,Millennium Stadium,02-Mar-02
Wales,lost,10,50,-40,3,19,,v England,Twickenham,23-Mar-02
Wales,lost,22,27,-5,9,15,,v Scotland,Millennium Stadium,06-Apr-02
Wales,lost,19,34,-15,11,15,,v South Africa,Bloemfontein,08-Jun-02
Wales,lost,8,19,-11,3,8,,v South Africa,Cape Town,15-Jun-02
Wales,won,40,3,37,12,0,,v Romania,Wrexham,01-Nov-02
Wales,won,58,14,44,27,0,,v Fiji,Millennium Stadium,09-Nov-02
Wales,won,32,21,11,22,12,,v Canada,Millennium Stadium,16-Nov-02
Wales,lost,17,43,-26,10,9,,v New Zealand,Millennium Stadium,23-Nov-02
Wales,lost,22,30,-8,17,20,,v Italy,Rome,15-Feb-03
Wales,lost,9,26,-17,6,9,,v England,Millennium Stadium,22-Feb-03
Wales,lost,22,30,-8,10,20,,v Scotland,Murrayfield,08-Mar-03
Wales,lost,24,25,-1,7,14,,v Ireland,Millennium Stadium,22-Mar-03
Wales,lost,5,33,-28,5,10,,v France,Stade de France,29-Mar-03
Wales,lost,10,30,-20,3,18,,v Australia,Sydney,14-Jun-03
Wales,lost,3,55,-52,3,17,,v New Zealand,Hamilton,21-Jun-03
Wales,lost,12,35,-23,5,14,,v Ireland,Lansdowne Road,16-Aug-03
Wales,lost,9,43,-34,9,16,,v England,Millennium Stadium,23-Aug-03
Wales,won,54,8,46,30,8,,v Romania,Wrexham,27-Aug-03
Wales,won,23,9,14,12,6,,v Scotland,Millennium Stadium,30-Aug-03
Wales,won,41,10,31,20,3,,v Canada,Melbourne,12-Oct-03
Wales,won,27,20,7,14,10,,v Tonga,Canberra,19-Oct-03
Wales,won,27,15,12,20,9,,v Italy,Canberra,25-Oct-03
Wales,lost,37,53,-16,24,28,,v New Zealand,Sydney,02-Nov-03
Wales,lost,17,28,-11,10,3,,v England,Brisbane,09-Nov-03
Wales,won,23,10,13,18,3,,v Scotland,Millennium Stadium,14-Feb-04
Wales,lost,15,36,-21,3,24,,v Ireland,Lansdowne Road,22-Feb-04
Wales,lost,22,29,-7,12,13,,v France,Millennium Stadium,07-Mar-04
Wales,lost,21,31,-10,9,16,,v England,Twickenham,20-Mar-04
Wales,won,44,10,34,16,0,,v Italy,Millennium Stadium,27-Mar-04
Wales,lost,44,50,-6,9,19,,v Argentina,Tucuman,12-Jun-04
Wales,won,35,20,15,25,0,,v Argentina,Buenos Aires,19-Jun-04
Wales,lost,18,53,-35,6,27,,v South Africa,Pretoria,26-Jun-04
Wales,lost,36,38,-2,12,23,,v South Africa,Millennium Stadium,06-Nov-04
Wales,won,66,7,59,35,7,,v Romania,Millennium Stadium,12-Nov-04
Wales,lost,25,26,-1,14,13,,v New Zealand,Millennium Stadium,20-Nov-04
Wales,won,98,0,98,56,0,,v Japan,Millennium Stadium,26-Nov-04
Wales,won,11,9,2,8,3,,v England,Millennium Stadium,05-Feb-05
Wales,won,38,8,30,19,5,,v Italy,Rome,12-Feb-05
Wales,won,24,18,6,6,15,,v France,Stade de France,26-Feb-05
Wales,won,46,22,24,38,3,,v Scotland,Murrayfield,13-Mar-05
Wales,won,32,20,12,16,6,,v Ireland,Millennium Stadium,19-Mar-05
Wales,won,77,3,74,42,3,,v USA,Hartford,04-Jun-05
Wales,won,60,3,57,15,3,,v Canada,Toronto,11-Jun-05
Wales,lost,3,41,-38,3,13,,v New Zealand,Millennium Stadium,05-Nov-05
Wales,won,11,10,1,0,7,,v Fiji,Millennium Stadium,11-Nov-05
Wales,lost,16,33,-17,6,11,,v South Africa,Millennium Stadium,19-Nov-05
Wales,won,24,22,2,6,7,,v Australia,Millennium Stadium,26-Nov-05
Wales,lost,13,47,-34,10,15,,v England,Twickenham,04-Feb-06
Wales,won,28,18,10,14,6,,v Scotland,Millennium Stadium,12-Feb-06
Wales,lost,5,31,-26,5,11,,v Ireland,Lansdowne Road,26-Feb-06
Wales,draw,18,18,0,15,15,,v Italy,Millennium Stadium,11-Mar-06
Wales,lost,16,21,-5,13,6,,v France,Millennium Stadium,18-Mar-06
Wales,lost,25,27,-2,12,20,,v Argentina,Puerto Madryn,11-Jun-06
Wales,lost,27,45,-18,6,16,,v Argentina,Buenos Aires,17-Jun-06
Wales,draw,29,29,0,16,17,,v Australia,Millennium Stadium,04-Nov-06
Wales,won,38,20,18,31,5,,v Pacific Is,Millennium Stadium,11-Nov-06
Wales,won,61,26,35,28,12,,v Canada,Millennium Stadium,17-Nov-06
Wales,lost,10,45,-35,3,28,,v New Zealand,Millennium Stadium,25-Nov-06
Wales,lost,9,19,-10,9,12,,v Ireland,Millennium Stadium,04-Feb-07
Wales,lost,9,21,-12,6,9,,v Scotland,Murrayfield,10-Feb-07
Wales,lost,21,32,-11,14,23,,v France,Stade de France,24-Feb-07
Wales,lost,20,23,-3,7,13,,v Italy,Rome,10-Mar-07
Wales,won,27,18,9,18,15,,v England,Millennium Stadium,17-Mar-07
Wales,lost,23,29,-6,17,12,,v Australia,Sydney,26-May-07
Wales,lost,0,31,-31,0,6,,v Australia,Brisbane,02-Jun-07
Wales,lost,5,62,-57,0,22,,v England,Twickenham,04-Aug-07
Wales,won,27,20,7,24,7,,v Argentina,Millennium Stadium,18-Aug-07
Wales,lost,7,34,-27,7,17,,v France,Millennium Stadium,26-Aug-07
Wales,won,42,17,25,9,12,,v Canada,Nantes,09-Sep-07
Wales,lost,20,32,-12,3,25,,v Australia,Millennium Stadium,15-Sep-07
Wales,won,72,18,54,29,11,,v Japan,Millennium Stadium,20-Sep-07
Wales,lost,34,38,-4,10,25,,v Fiji,Nantes,29-Sep-07
Wales,lost,12,34,-22,5,22,,v South Africa,Millennium Stadium,24-Nov-07
Wales,won,26,19,7,6,16,,v England,Twickenham,02-Feb-08
Wales,won,30,15,15,10,6,,v Scotland,Millennium Stadium,09-Feb-08
Wales,won,47,8,39,13,8,,v Italy,Millennium Stadium,23-Feb-08
Wales,won,16,12,4,3,6,,v Ireland,Croke Park,08-Mar-08
Wales,won,29,12,17,9,6,,v France,Millennium Stadium,15-Mar-08
Wales,lost,17,43,-26,10,22,,v South Africa,Bloemfontein,07-Jun-08
Wales,lost,21,37,-16,15,17,,v South Africa,Pretoria,14-Jun-08
Wales,lost,15,20,-5,3,13,,v South Africa,Millennium Stadium,08-Nov-08
Wales,won,34,13,21,10,6,,v Canada,Millennium Stadium,14-Nov-08
Wales,lost,9,29,-20,9,6,,v New Zealand,Millennium Stadium,22-Nov-08
Wales,won,21,18,3,15,10,,v Australia,Millennium Stadium,29-Nov-08
Wales,won,26,13,13,16,3,,v Scotland,Murrayfield,08-Feb-09
Wales,won,23,15,8,9,8,,v England,Millennium Stadium,14-Feb-09
Wales,lost,16,21,-5,13,13,,v France,Stade de France,27-Feb-09
Wales,won,20,15,5,7,9,,v Italy,Rome,14-Mar-09
Wales,lost,15,17,-2,6,0,,v Ireland,Millennium Stadium,21-Mar-09
Wales,won,32,23,9,16,9,,v Canada,Toronto,30-May-09
Wales,won,48,15,33,27,3,,v USA,Chicago,06-Jun-09
Wales,lost,12,19,-7,6,6,,v New Zealand,Millennium Stadium,07-Nov-09
Wales,won,17,13,4,11,6,,v Samoa,Millennium Stadium,13-Nov-09
Wales,won,33,16,17,13,3,,v Argentina,Millennium Stadium,21-Nov-09
Wales,lost,12,33,-21,12,23,,v Australia,Millennium Stadium,28-Nov-09
Wales,lost,17,30,-13,3,13,,v England,Twickenham,06-Feb-10
Wales,won,31,24,7,9,18,,v Scotland,Millennium Stadium,13-Feb-10
Wales,lost,20,26,-6,0,20,,v France,Millennium Stadium,26-Feb-10
Wales,lost,12,27,-15,6,16,,v Ireland,Croke Park,13-Mar-10
Wales,won,33,10,23,12,0,,v Italy,Millennium Stadium,20-Mar-10
Wales,lost,31,34,-3,16,14,,v South Africa,Millennium Stadium,05-Jun-10
Wales,lost,9,42,-33,9,15,,v New Zealand,Dunedin,19-Jun-10
Wales,lost,10,29,-19,3,13,,v New Zealand,Hamilton,26-Jun-10
Wales,lost,16,25,-9,6,7,,v Australia,Millennium Stadium,06-Nov-10
Wales,lost,25,29,-4,17,9,,v South Africa,Millennium Stadium,13-Nov-10
Wales,draw,16,16,0,6,13,,v Fiji,Millennium Stadium,19-Nov-10
Wales,lost,25,37,-12,9,13,,v New Zealand,Millennium Stadium,27-Nov-10
Wales,lost,19,26,-7,6,13,,v England,Millennium Stadium,04-Feb-11
Wales,won,24,6,18,16,3,,v Scotland,Murrayfield,12-Feb-11
Wales,won,24,16,8,21,11,,v Italy,Rome,26-Feb-11
Wales,won,19,13,6,9,13,,v Ireland,Millennium Stadium,12-Mar-11
Wales,lost,9,28,-19,3,11,,v France,Stade de France,19-Mar-11
Wales,lost,28,31,-3,14,19,,v Barbarians,Millennium Stadium,04-Jun-11
Wales,lost,19,23,-4,7,13,,v England,Twickenham,06-Aug-11
Wales,won,19,9,10,6,6,,v England,Millennium Stadium,13-Aug-11
Wales,won,28,13,15,14,3,,v Argentina,Millennium Stadium,20-Aug-11
Wales,lost,16,17,-1,6,10,,v South Africa,Wellington,11-Sep-11
Wales,won,17,10,7,6,10,,v Samoa,Hamilton,18-Sep-11
Wales,won,81,7,74,22,0,,v Namibia,New Plymouth,26-Sep-11
Wales,won,66,0,66,31,0,,v Fiji,Hamilton,02-Oct-11
Wales,won,22,10,12,10,3,,v Ireland,Wellington,08-Oct-11
Wales,lost,8,9,-1,3,6,,v France,Auckland,15-Oct-11
Wales,lost,18,21,-3,3,7,,v Australia,Auckland,21-Oct-11
Wales,lost,18,24,-6,6,3,,v Australia,Millennium Stadium,03-Dec-11
Wales,won,23,21,2,5,10,,v Ireland,Lansdowne Road,05-Feb-12
Wales,won,27,13,14,3,3,,v Scotland,Millennium Stadium,12-Feb-12
Wales,won,19,12,7,6,9,,v England,Twickenham,25-Feb-12
Wales,won,24,3,21,9,3,,v Italy,Millennium Stadium,10-Mar-12
Wales,won,16,9,7,10,3,,v France,Millennium Stadium,17-Mar-12
Wales,won,30,21,9,13,14,,v Barbarians,Millennium Stadium,02-Jun-12
Wales,lost,19,27,-8,3,10,,v Australia,Brisbane,09-Jun-12
Wales,lost,23,25,-2,7,13,,v Australia,Melbourne,16-Jun-12
Wales,lost,19,20,-1,9,12,,v Australia,Sydney,23-Jun-12
Wales,lost,12,26,-14,9,6,,v Argentina,Millennium Stadium,10-Nov-12
Wales,lost,19,26,-7,13,10,,v Samoa,Millennium Stadium,16-Nov-12
Wales,lost,10,33,-23,0,23,,v New Zealand,Millennium Stadium,24-Nov-12
Wales,lost,12,14,-2,6,9,,v Australia,Millennium Stadium,01-Dec-12
Wales,lost,22,30,-8,3,23,,v Ireland,Millennium Stadium,02-Feb-13
Wales,won,16,6,10,3,3,,v France,Stade de France,09-Feb-13
Wales,won,26,9,17,9,6,,v Italy,Rome,23-Feb-13
Wales,won,28,18,10,13,12,,v Scotland,Murrayfield,09-Mar-13
Wales,won,30,3,27,9,3,,v England,Millennium Stadium,16-Mar-13
Wales,won,22,18,4,6,11,,v Japan,Osaka,08-Jun-13
Wales,lost,8,23,-15,3,6,,v Japan,Tokyo,15-Jun-13
Wales,lost,15,24,-9,12,17,,v South Africa,Millennium Stadium,09-Nov-13
Wales,won,40,6,34,23,3,,v Argentina,Millennium Stadium,16-Nov-13
Wales,won,17,7,10,17,7,,v Tonga,Millennium Stadium,22-Nov-13
Wales,lost,26,30,-4,16,17,,v Australia,Millennium Stadium,30-Nov-13
Wales,won,23,15,8,17,3,,v Italy,Millennium Stadium,01-Feb-14
Wales,lost,3,26,-23,0,13,,v Ireland,Lansdowne Road,08-Feb-14
Wales,won,27,6,21,20,6,,v France,Millennium Stadium,21-Feb-14
Wales,lost,18,29,-11,15,20,,v England,Twickenham,09-Mar-14
Wales,won,51,3,48,27,3,,v Scotland,Millennium Stadium,15-Mar-14
Wales,lost,16,38,-22,9,28,,v South Africa,Durban,14-Jun-14
Wales,lost,30,31,-1,17,14,,v South Africa,Nelspruit,21-Jun-14
Wales,lost,28,33,-5,21,21,,v Australia,Millennium Stadium,08-Nov-14
Wales,won,17,13,4,17,6,,v Fiji,Millennium Stadium,15-Nov-14
Wales,lost,16,34,-18,3,3,,v New Zealand,Millennium Stadium,22-Nov-14
Wales,won,12,6,6,3,3,,v South Africa,Millennium Stadium,29-Nov-14
Wales,lost,16,21,-5,16,8,,v England,Millennium Stadium,06-Feb-15
Wales,won,26,23,3,16,10,,v Scotland,Murrayfield,15-Feb-15
Wales,won,20,13,7,6,3,,v France,Stade de France,28-Feb-15
Wales,won,23,16,7,15,9,,v Ireland,Millennium Stadium,14-Mar-15
Wales,won,61,20,41,14,13,,v Italy,Rome,21-Mar-15
Wales,lost,21,35,-14,7,25,,v Ireland,Millennium Stadium,08-Aug-15
Wales,won,16,10,6,10,10,,v Ireland,Lansdowne Road,29-Aug-15
Wales,won,23,19,4,8,11,,v Italy,Millennium Stadium,05-Sep-15
Wales,won,54,9,45,28,9,,v Uruguay,Millennium Stadium,20-Sep-15
Wales,won,28,25,3,9,16,,v England,Twickenham,26-Sep-15
Wales,won,23,13,10,17,6,,v Fiji,Millennium Stadium,01-Oct-15
Wales,lost,6,15,-9,6,9,,v Australia,Twickenham,10-Oct-15
Wales,lost,19,23,-4,13,12,,v South Africa,Twickenham,17-Oct-15
Wales,draw,16,16,0,10,13,,v Ireland,Lansdowne Road,07-Feb-16
Wales,won,27,23,4,10,13,,v Scotland,Millennium Stadium,13-Feb-16
Wales,won,19,10,9,6,3,,v France,Millennium Stadium,26-Feb-16
Wales,lost,21,25,-4,0,16,,v England,Twickenham,12-Mar-16
Wales,won,67,14,53,27,0,,v Italy,Millennium Stadium,19-Mar-16
Wales,lost,13,27,-14,13,10,,v England,Twickenham,29-May-16
Wales,lost,21,39,-18,18,15,,v New Zealand,Auckland,11-Jun-16
Wales,lost,22,36,-14,10,10,,v New Zealand,Wellington,18-Jun-16
Wales,lost,6,46,-40,6,18,,v New Zealand,Dunedin,25-Jun-16
Wales,lost,8,32,-24,3,20,,v Australia,Millennium Stadium,05-Nov-16
Wales,won,24,20,4,6,3,,v Argentina,Millennium Stadium,12-Nov-16
Wales,won,33,30,3,14,13,,v Japan,Millennium Stadium,19-Nov-16
Wales,won,27,13,14,12,6,,v South Africa,Millennium Stadium,26-Nov-16
Wales,won,33,7,26,3,7,,v Italy,Rome,05-Feb-17
Wales,lost,16,21,-5,13,8,,v England,Millennium Stadium,11-Feb-17
Wales,lost,13,29,-16,13,9,,v Scotland,Murrayfield,25-Feb-17
Wales,won,22,9,13,8,6,,v Ireland,Millennium Stadium,10-Mar-17
Wales,lost,18,20,-2,9,10,,v France,Stade de France,18-Mar-17
Wales,won,24,6,18,8,3,,v Tonga,Auckland,16-Jun-17
Wales,won,19,17,2,9,10,,v Samoa,Apia,23-Jun-17
Wales,lost,21,29,-8,13,22,,v Australia,Millennium Stadium,11-Nov-17
Wales,won,13,6,7,10,3,,v Georgia,Millennium Stadium,18-Nov-17
Wales,lost,18,33,-15,11,12,,v New Zealand,Millennium Stadium,25-Nov-17
Wales,won,24,22,2,21,10,,v South Africa,Millennium Stadium,02-Dec-17
Wales,won,34,7,27,14,0,,v Scotland,Millennium Stadium,03-Feb-18
Wales,lost,6,12,-6,3,12,,v England,Twickenham,10-Feb-18
Wales,lost,27,37,-10,13,15,,v Ireland,Lansdowne Road,24-Feb-18
Wales,won,38,14,24,17,7,,v Italy,Millennium Stadium,11-Mar-18
Wales,won,14,13,1,14,10,,v France,Millennium Stadium,17-Mar-18
Wales,won,22,20,2,14,3,,v South Africa,Washington DC,02-Jun-18
Wales,won,23,10,13,17,3,,v Argentina,San Juan,09-Jun-18
Wales,won,30,12,18,19,5,,v Argentina,Santa Fe,16-Jun-18
Wales,won,21,10,11,14,10,,v Scotland,Millennium Stadium,03-Nov-18
Wales,won,9,6,3,3,3,,v Australia,Millennium Stadium,10-Nov-18
Wales,won,74,24,50,24,17,,v Tonga,Millennium Stadium,17-Nov-18
Wales,won,20,11,9,14,3,,v South Africa,Millennium Stadium,24-Nov-18
Wales,won,24,19,5,0,16,,v France,Stade de France,01-Feb-19
Wales,won,26,15,11,12,7,,v Italy,Rome,09-Feb-19
Wales,won,21,13,8,3,10,,v England,Millennium Stadium,23-Feb-19
Wales,won,18,11,7,15,6,,v Scotland,Murrayfield,09-Mar-19
Wales,won,25,7,18,16,0,,v Ireland,Millennium Stadium,16-Mar-19
Wales,lost,19,33,-14,7,21,,v England,Twickenham,11-Aug-19
Wales,won,13,6,7,10,0,,v England,Millennium Stadium,17-Aug-19
Wales,lost,17,22,-5,3,15,,v Ireland,Millennium Stadium,31-Aug-19
Wales,lost,10,19,-9,10,7,,v Ireland,Lansdowne Road,07-Sep-19
Wales,won,43,14,29,29,0,,v Georgia,Aichi,23-Sep-19
Wales,won,29,25,4,23,8,,v Australia,Tokyo,29-Sep-19
Wales,won,29,17,12,14,10,,v Fiji,Oita,09-Oct-19
Wales,won,35,13,22,7,6,,v Uruguay,Kumamoto,13-Oct-19
Wales,won,20,19,1,10,19,,v France,Oita,20-Oct-19
Wales,lost,16,19,-3,6,9,,v South Africa,Yokohama,27-Oct-19
Wales,lost,17,40,-23,10,28,,v New Zealand,Tokyo,01-Nov-19
Wales,lost,14,24,-10,7,12,,v Ireland,Lansdowne Road,09-Feb-20